{"cameraMode":{"drawMode":0,"name":"Shaded","section":"Shading Mode"},"sceneLighting":true,"audioPlay":false,"sceneViewState":{"showFog":true,"showMaterialUpdate":false,"showSkybox":true,"showFlares":true,"showImageEffects":true,"showParticleSystems":true},"in2DMode":false,"pivot":{"x":3.5769996643066408,"y":-1.5709999799728394,"z":0.5090000033378601},"rotation":{"x":0.163690447807312,"y":-0.7686523795127869,"z":0.21714375913143159,"w":0.5789884924888611},"size":7.721542835235596,"orthographic":true}