{"cameraMode":{"drawMode":0,"name":"Shaded","section":"Shading Mode"},"sceneLighting":true,"audioPlay":false,"sceneViewState":{"showFog":true,"showMaterialUpdate":false,"showSkybox":true,"showFlares":true,"showImageEffects":true,"showParticleSystems":true},"in2DMode":false,"pivot":{"x":4.328999996185303,"y":1.179999828338623,"z":1.7909998893737794},"rotation":{"x":0.04744033142924309,"y":0.933596134185791,"z":-0.13480283319950105,"w":0.328596830368042},"size":13.203422546386719,"orthographic":true}