{"cameraMode":{"drawMode":0,"name":"Shaded","section":"Shading Mode"},"sceneLighting":true,"audioPlay":false,"sceneViewState":{"showFog":true,"showMaterialUpdate":false,"showSkybox":true,"showFlares":true,"showImageEffects":true,"showParticleSystems":true},"in2DMode":false,"pivot":{"x":4.7401123046875,"y":2.6455078125,"z":3.251953125},"rotation":{"x":0.02084764838218689,"y":-0.9447340369224548,"z":0.3213798999786377,"w":0.061302199959754947},"size":14.723872184753418,"orthographic":true}