{"cameraMode":{"drawMode":0,"name":"Shaded","section":"Shading Mode"},"sceneLighting":true,"audioPlay":false,"sceneViewState":{"showFog":true,"showMaterialUpdate":false,"showSkybox":true,"showFlares":true,"showImageEffects":true,"showParticleSystems":true},"in2DMode":false,"pivot":{"x":6.6533203125,"y":4.4814453125,"z":12.29296875},"rotation":{"x":0.020150266587734224,"y":-0.9737918376922607,"z":0.20541663467884065,"w":0.09553784877061844},"size":19.554658889770509,"orthographic":true}